PHP Deprecated:  Function curl_close() is deprecated since 8.5, as it has no effect since PHP 8.0 in /Users/malware/Desktop/hoosiercladdingwebsite/qa_script.php on line 41

Deprecated: Function curl_close() is deprecated since 8.5, as it has no effect since PHP 8.0 in /Users/malware/Desktop/hoosiercladdingwebsite/qa_script.php on line 41
PHP Deprecated:  Function curl_close() is deprecated since 8.5, as it has no effect since PHP 8.0 in /Users/malware/Desktop/hoosiercladdingwebsite/qa_script.php on line 41

Deprecated: Function curl_close() is deprecated since 8.5, as it has no effect since PHP 8.0 in /Users/malware/Desktop/hoosiercladdingwebsite/qa_script.php on line 41
PHP Deprecated:  Function curl_close() is deprecated since 8.5, as it has no effect since PHP 8.0 in /Users/malware/Desktop/hoosiercladdingwebsite/qa_script.php on line 41

Deprecated: Function curl_close() is deprecated since 8.5, as it has no effect since PHP 8.0 in /Users/malware/Desktop/hoosiercladdingwebsite/qa_script.php on line 41
PHP Deprecated:  Function curl_close() is deprecated since 8.5, as it has no effect since PHP 8.0 in /Users/malware/Desktop/hoosiercladdingwebsite/qa_script.php on line 41

Deprecated: Function curl_close() is deprecated since 8.5, as it has no effect since PHP 8.0 in /Users/malware/Desktop/hoosiercladdingwebsite/qa_script.php on line 41
PHP Deprecated:  Function curl_close() is deprecated since 8.5, as it has no effect since PHP 8.0 in /Users/malware/Desktop/hoosiercladdingwebsite/qa_script.php on line 41

Deprecated: Function curl_close() is deprecated since 8.5, as it has no effect since PHP 8.0 in /Users/malware/Desktop/hoosiercladdingwebsite/qa_script.php on line 41
PHP Deprecated:  Function curl_close() is deprecated since 8.5, as it has no effect since PHP 8.0 in /Users/malware/Desktop/hoosiercladdingwebsite/qa_script.php on line 41

Deprecated: Function curl_close() is deprecated since 8.5, as it has no effect since PHP 8.0 in /Users/malware/Desktop/hoosiercladdingwebsite/qa_script.php on line 41
PHP Deprecated:  Function curl_close() is deprecated since 8.5, as it has no effect since PHP 8.0 in /Users/malware/Desktop/hoosiercladdingwebsite/qa_script.php on line 41

Deprecated: Function curl_close() is deprecated since 8.5, as it has no effect since PHP 8.0 in /Users/malware/Desktop/hoosiercladdingwebsite/qa_script.php on line 41
PHP Deprecated:  Function curl_close() is deprecated since 8.5, as it has no effect since PHP 8.0 in /Users/malware/Desktop/hoosiercladdingwebsite/qa_script.php on line 41

Deprecated: Function curl_close() is deprecated since 8.5, as it has no effect since PHP 8.0 in /Users/malware/Desktop/hoosiercladdingwebsite/qa_script.php on line 41
PHP Deprecated:  Function curl_close() is deprecated since 8.5, as it has no effect since PHP 8.0 in /Users/malware/Desktop/hoosiercladdingwebsite/qa_script.php on line 41

Deprecated: Function curl_close() is deprecated since 8.5, as it has no effect since PHP 8.0 in /Users/malware/Desktop/hoosiercladdingwebsite/qa_script.php on line 41
PHP Deprecated:  Function curl_close() is deprecated since 8.5, as it has no effect since PHP 8.0 in /Users/malware/Desktop/hoosiercladdingwebsite/qa_script.php on line 41

Deprecated: Function curl_close() is deprecated since 8.5, as it has no effect since PHP 8.0 in /Users/malware/Desktop/hoosiercladdingwebsite/qa_script.php on line 41
PHP Deprecated:  Function curl_close() is deprecated since 8.5, as it has no effect since PHP 8.0 in /Users/malware/Desktop/hoosiercladdingwebsite/qa_script.php on line 41

Deprecated: Function curl_close() is deprecated since 8.5, as it has no effect since PHP 8.0 in /Users/malware/Desktop/hoosiercladdingwebsite/qa_script.php on line 41
PHP Deprecated:  Function curl_close() is deprecated since 8.5, as it has no effect since PHP 8.0 in /Users/malware/Desktop/hoosiercladdingwebsite/qa_script.php on line 41

Deprecated: Function curl_close() is deprecated since 8.5, as it has no effect since PHP 8.0 in /Users/malware/Desktop/hoosiercladdingwebsite/qa_script.php on line 41
PHP Deprecated:  Function curl_close() is deprecated since 8.5, as it has no effect since PHP 8.0 in /Users/malware/Desktop/hoosiercladdingwebsite/qa_script.php on line 41

Deprecated: Function curl_close() is deprecated since 8.5, as it has no effect since PHP 8.0 in /Users/malware/Desktop/hoosiercladdingwebsite/qa_script.php on line 41
PHP Deprecated:  Function curl_close() is deprecated since 8.5, as it has no effect since PHP 8.0 in /Users/malware/Desktop/hoosiercladdingwebsite/qa_script.php on line 41

Deprecated: Function curl_close() is deprecated since 8.5, as it has no effect since PHP 8.0 in /Users/malware/Desktop/hoosiercladdingwebsite/qa_script.php on line 41
PHP Deprecated:  Function curl_close() is deprecated since 8.5, as it has no effect since PHP 8.0 in /Users/malware/Desktop/hoosiercladdingwebsite/qa_script.php on line 41

Deprecated: Function curl_close() is deprecated since 8.5, as it has no effect since PHP 8.0 in /Users/malware/Desktop/hoosiercladdingwebsite/qa_script.php on line 41
PHP Deprecated:  Function curl_close() is deprecated since 8.5, as it has no effect since PHP 8.0 in /Users/malware/Desktop/hoosiercladdingwebsite/qa_script.php on line 41

Deprecated: Function curl_close() is deprecated since 8.5, as it has no effect since PHP 8.0 in /Users/malware/Desktop/hoosiercladdingwebsite/qa_script.php on line 41
PHP Deprecated:  Function curl_close() is deprecated since 8.5, as it has no effect since PHP 8.0 in /Users/malware/Desktop/hoosiercladdingwebsite/qa_script.php on line 41

Deprecated: Function curl_close() is deprecated since 8.5, as it has no effect since PHP 8.0 in /Users/malware/Desktop/hoosiercladdingwebsite/qa_script.php on line 41
PHP Deprecated:  Function curl_close() is deprecated since 8.5, as it has no effect since PHP 8.0 in /Users/malware/Desktop/hoosiercladdingwebsite/qa_script.php on line 41

Deprecated: Function curl_close() is deprecated since 8.5, as it has no effect since PHP 8.0 in /Users/malware/Desktop/hoosiercladdingwebsite/qa_script.php on line 41
PHP Deprecated:  Function curl_close() is deprecated since 8.5, as it has no effect since PHP 8.0 in /Users/malware/Desktop/hoosiercladdingwebsite/qa_script.php on line 41

Deprecated: Function curl_close() is deprecated since 8.5, as it has no effect since PHP 8.0 in /Users/malware/Desktop/hoosiercladdingwebsite/qa_script.php on line 41
PHP Deprecated:  Function curl_close() is deprecated since 8.5, as it has no effect since PHP 8.0 in /Users/malware/Desktop/hoosiercladdingwebsite/qa_script.php on line 41

Deprecated: Function curl_close() is deprecated since 8.5, as it has no effect since PHP 8.0 in /Users/malware/Desktop/hoosiercladdingwebsite/qa_script.php on line 41
URL,HTTP Code,Final URL,Title,Title Count,Desc Count,Canonical,Robots,Has Phone,Has CTA,Has Service Link,Has Contractor Anchor,Is Blog,Has Params
https://313243ed7371.ngrok-free.app/home-siding-blog,200,https://313243ed7371.ngrok-free.app/home-siding-blog,"Home Siding Blog | South Bend Siding Contractors &amp; Installers",1,1,https://www.hoosiercladding.com/home-siding-blog,index, follow,Y,N,N,N,Y,N
https://313243ed7371.ngrok-free.app/home-siding-blog/install-a-metal-roof-ridge-cap,200,https://313243ed7371.ngrok-free.app/home-siding-blog/install-a-metal-roof-ridge-cap,"When Do You Need to Replace Your Roof Ridge Cap?",1,1,https://www.hoosiercladding.com/home-siding-blog/install-a-metal-roof-ridge-cap,index, follow,Y,Y,N,N,Y,N
https://313243ed7371.ngrok-free.app/home-siding-blog/siding-replacement-costs-indiana-2025,200,https://313243ed7371.ngrok-free.app/home-siding-blog/siding-replacement-costs-indiana-2025,"How Much Does Siding Replacement Cost in Indiana Homes?",1,1,https://www.hoosiercladding.com/home-siding-blog/siding-replacement-costs-indiana-2025,index, follow,Y,Y,N,N,Y,N
https://313243ed7371.ngrok-free.app/home-siding-blog/does-home-insurance-cover-broken-windows-what-indiana-homeowners-need-to-know,200,https://313243ed7371.ngrok-free.app/home-siding-blog/does-home-insurance-cover-broken-windows-what-indiana-homeowners-need-to-know,"Does Home Insurance Cover Broken Windows in Indiana?",1,1,https://www.hoosiercladding.com/home-siding-blog/does-home-insurance-cover-broken-windows-what-indiana-homeowners-need-to-know,index, follow,Y,Y,N,N,Y,N
https://313243ed7371.ngrok-free.app/,200,https://313243ed7371.ngrok-free.app/,"Siding Contractors in South Bend, IN | Licensed &amp; Insured",1,1,https://www.hoosiercladding.com/,index, follow,Y,Y,N,N,N,N
https://313243ed7371.ngrok-free.app/service-area,200,https://313243ed7371.ngrok-free.app/service-area,"Northern Indiana Siding Services – Installation &amp; Repair ...",1,1,https://www.hoosiercladding.com/service-area,index, follow,Y,Y,Y,N,N,N
https://313243ed7371.ngrok-free.app/contact,200,https://313243ed7371.ngrok-free.app/contact,"Contact Us – Free Siding Estimate in South Bend – Norther...",1,1,https://www.hoosiercladding.com/contact,index, follow,Y,Y,N,N,N,N
https://313243ed7371.ngrok-free.app/vinyl-siding-michiana-south-bend,200,https://313243ed7371.ngrok-free.app/vinyl-siding-michiana-south-bend,"Vinyl Siding Installers in South Bend, IN | Free Quote",1,1,https://www.hoosiercladding.com/vinyl-siding-michiana-south-bend,index, follow,Y,Y,N,N,N,N
https://313243ed7371.ngrok-free.app/house-siding-replacement,200,https://313243ed7371.ngrok-free.app/house-siding-replacement,"House Siding Replacement Contractors South Bend",1,1,https://www.hoosiercladding.com/house-siding-replacement,index, follow,Y,Y,N,N,N,N
https://313243ed7371.ngrok-free.app/residential-siding-contractor,200,https://313243ed7371.ngrok-free.app/residential-siding-contractor,"Residential Siding Contractor South Bend, IN",1,1,https://www.hoosiercladding.com/residential-siding-contractor,index, follow,Y,Y,N,N,N,N
https://313243ed7371.ngrok-free.app/vinyl-siding-installers,200,https://313243ed7371.ngrok-free.app/vinyl-siding-installers,"Vinyl Siding Installers Near Me | South Bend, IN",1,1,https://www.hoosiercladding.com/vinyl-siding-installers,index, follow,Y,Y,N,N,N,N
https://313243ed7371.ngrok-free.app/door-replacement-south-bend,200,https://313243ed7371.ngrok-free.app/door-replacement-south-bend,"Door Replacement Contractors South Bend, IN",1,1,https://www.hoosiercladding.com/door-replacement-south-bend,index, follow,Y,Y,N,N,N,N
https://313243ed7371.ngrok-free.app/window-replacement-south-bend,200,https://313243ed7371.ngrok-free.app/window-replacement-south-bend,"Window Replacement Contractors South Bend, IN",1,1,https://www.hoosiercladding.com/window-replacement-south-bend,index, follow,Y,Y,N,N,N,N
https://313243ed7371.ngrok-free.app/trimwork-south-bend,200,https://313243ed7371.ngrok-free.app/trimwork-south-bend,"Trimwork Contractors South Bend, IN | Licensed",1,1,https://www.hoosiercladding.com/trimwork-south-bend,index, follow,Y,Y,N,N,N,N
https://313243ed7371.ngrok-free.app/siding-replacement-warsaw,200,https://313243ed7371.ngrok-free.app/siding-replacement-warsaw,"Siding Replacement in Warsaw, Indiana – Expert Installation",1,1,https://www.hoosiercladding.com/siding-replacement-warsaw,index, follow,Y,Y,N,N,N,N
https://313243ed7371.ngrok-free.app/vinyl-siding-south-bend,200,https://313243ed7371.ngrok-free.app/vinyl-siding-south-bend,"Vinyl Siding in South Bend, Indiana – Expert Installation",1,1,https://www.hoosiercladding.com/vinyl-siding-south-bend,index, follow,Y,Y,N,N,N,N
https://313243ed7371.ngrok-free.app/siding-installation-granger,200,https://313243ed7371.ngrok-free.app/siding-installation-granger,"Siding Installation in Granger, Indiana – Expert Installa...",1,1,https://www.hoosiercladding.com/siding-installation-granger,index, follow,Y,Y,N,N,N,N
https://313243ed7371.ngrok-free.app/home-siding-blog?author=test,200,https://www.hoosiercladding.com/home-siding-blog,"Home Siding Blog | Hoosier Cladding",1,1,https://www.hoosiercladding.com/home-siding-blog,index,follow,Y,N,N,N,N,Y
https://313243ed7371.ngrok-free.app/home-siding-blog?page=2,200,https://www.hoosiercladding.com/home-siding-blog,"Home Siding Blog | Hoosier Cladding",1,1,https://www.hoosiercladding.com/home-siding-blog,index,follow,Y,N,N,N,N,Y
https://313243ed7371.ngrok-free.app/?test=123,200,https://www.hoosiercladding.com/,"Siding Contractors in South Bend, IN | Licensed &amp; Insured",1,1,https://www.hoosiercladding.com/,index,follow,Y,Y,N,N,N,Y
