Top pages,Clicks,Impressions,CTR,Position
https://www.hoosiercladding.com/,3,203,1.48%,21.73
https://www.hoosiercladding.com/matrix/warsaw-in/james-hardie-siding-installation/high-energy-bills,1,1,100%,19
https://www.hoosiercladding.com/home-siding-blog/siding-replacement-costs-indiana-2025,0,681,0%,9.81
https://www.hoosiercladding.com/vinyl-siding-michiana-south-bend,0,113,0%,38.63
https://www.hoosiercladding.com/matrix/elkhart-in/siding-repair/storm-damage,0,30,0%,32.83
https://www.hoosiercladding.com/matrix/granger-in/siding-repair/storm-damage,0,20,0%,25.95
https://www.hoosiercladding.com/door-replacement-south-bend,0,20,0%,41.85
https://www.hoosiercladding.com/matrix/plymouth-in/siding-repair/storm-damage,0,19,0%,12.37
https://www.hoosiercladding.com/products/james-hardie/hardieplank/colonial-roughsawn/9-1/4/navajo-beige,0,18,0%,18.94
https://www.hoosiercladding.com/matrix/granger-in/james-hardie-siding-installation/faded-color,0,17,0%,15.53
https://www.hoosiercladding.com/matrix/granger-in/james-hardie-siding-installation/drafty-rooms,0,17,0%,45.88
https://www.hoosiercladding.com/matrix/niles-mi/siding-repair/storm-damage,0,9,0%,12.33
https://www.hoosiercladding.com/matrix/syracuse-in/insurance-claim-assistance/water-intrusion,0,9,0%,38.33
https://www.hoosiercladding.com/trimwork-south-bend,0,9,0%,40.33
https://www.hoosiercladding.com/matrix/plymouth-in/vinyl-siding-replacement/high-energy-bills,0,8,0%,13.25
https://www.hoosiercladding.com/matrix/goshen-in/vinyl-siding-replacement/rotten-siding,0,8,0%,19.38
https://www.hoosiercladding.com/matrix/warsaw-in/soffit-fascia-repair/peeling-paint,0,8,0%,20.88
https://www.hoosiercladding.com/service-area,0,7,0%,42.14
https://www.hoosiercladding.com/matrix/dowagiac-mi/siding-replacement/wind-damage,0,7,0%,51
https://www.hoosiercladding.com/service-area.php,0,7,0%,70.86
https://www.hoosiercladding.com/matrix/warsaw-in/soffit-fascia-repair/cracked-panels,0,6,0%,3.17
https://www.hoosiercladding.com/matrix/warsaw-in/vinyl-siding-replacement/faded-color,0,6,0%,11.83
https://www.hoosiercladding.com/matrix/granger-in/vinyl-siding-repair/hail-damage,0,6,0%,56.67
https://www.hoosiercladding.com/matrix/dunlap-in/siding-replacement/high-energy-bills,0,5,0%,3.4
https://www.hoosiercladding.com/matrix/mishawaka-in/siding-repair/storm-damage,0,5,0%,18.4
https://www.hoosiercladding.com/home-siding-blog,0,5,0%,23.6
https://www.hoosiercladding.com/matrix/goshen-in/vinyl-siding-replacement/outdated-look,0,5,0%,44.6
https://www.hoosiercladding.com/matrix/plymouth-in/james-hardie-siding-installation/faded-color,0,4,0%,26.75
https://www.hoosiercladding.com/matrix/new-carlisle-in/james-hardie-siding-installation/drafty-rooms,0,4,0%,49.5
https://www.hoosiercladding.com/matrix/syracuse-in/james-hardie-siding-installation/wind-damage,0,3,0%,3.33
https://www.hoosiercladding.com/matrix/granger-in/soffit-fascia-repair/outdated-look,0,3,0%,6.33
https://www.hoosiercladding.com/matrix/warsaw-in/soffit-fascia-repair/faded-color,0,3,0%,9.67
https://www.hoosiercladding.com/matrix/shipshewana-in/wood-siding-restoration/pest-infestation,0,3,0%,10
https://www.hoosiercladding.com/matrix/granger-in/vinyl-siding-repair/drafty-rooms,0,3,0%,10.33
https://www.hoosiercladding.com/matrix/syracuse-in/shake-siding-installation/rotten-siding,0,3,0%,10.33
https://www.hoosiercladding.com/matrix/granger-in/siding-replacement/rotten-siding,0,3,0%,12.33
https://www.hoosiercladding.com/matrix/dunlap-in/aluminum-siding-repair/rotten-siding,0,3,0%,13
https://www.hoosiercladding.com/matrix/south-bend-in/soffit-fascia-repair/outdated-look,0,3,0%,15.33
https://www.hoosiercladding.com/matrix/goshen-in/vinyl-siding-replacement/high-energy-bills,0,3,0%,21.67
https://www.hoosiercladding.com/matrix/south-bend-in/soffit-fascia-repair/water-intrusion,0,3,0%,21.67
https://www.hoosiercladding.com/products/james-hardie/hardieplank/colonial-roughsawn/12/arctic-white,0,3,0%,21.67
https://www.hoosiercladding.com/matrix/south-bend-in/soffit-fascia-repair/high-energy-bills,0,3,0%,26
https://www.hoosiercladding.com/matrix/michigan-city-in/shake-siding-installation/peeling-paint,0,3,0%,34
https://www.hoosiercladding.com/matrix/south-bend-in/wood-siding-restoration/high-energy-bills,0,3,0%,48.33
https://www.hoosiercladding.com/matrix/new-carlisle-in/james-hardie-siding-installation/moisture-damage,0,3,0%,54.33
https://www.hoosiercladding.com/matrix/michigan-city-in/vinyl-siding-repair/hail-damage,0,3,0%,59.67
https://www.hoosiercladding.com/matrix/la-porte-in/wood-siding-restoration/water-intrusion,0,3,0%,64.67
https://www.hoosiercladding.com/matrix/dunlap-in/vinyl-siding-repair/rotten-siding,0,2,0%,2
https://www.hoosiercladding.com/matrix/dunlap-in/siding-repair/rotten-siding,0,2,0%,2.5
https://www.hoosiercladding.com/matrix/warsaw-in/soffit-fascia-repair/drafty-rooms,0,2,0%,3
https://www.hoosiercladding.com/matrix/south-bend-in/james-hardie-siding-installation/high-energy-bills,0,2,0%,4
https://www.hoosiercladding.com/matrix/michigan-city-in/fiber-cement-siding-repair/high-energy-bills,0,2,0%,4.5
https://www.hoosiercladding.com/matrix/edwardsburg-mi/vinyl-siding-replacement/loose-panels,0,2,0%,5
https://www.hoosiercladding.com/matrix/dunlap-in/vinyl-siding-repair/water-intrusion,0,2,0%,5.5
https://www.hoosiercladding.com/matrix/cassopolis-mi/siding-replacement/high-energy-bills,0,2,0%,6
https://www.hoosiercladding.com/matrix/north-liberty-in/james-hardie-siding-installation/loose-panels,0,2,0%,9.5
https://www.hoosiercladding.com/matrix/plymouth-in/siding-replacement/loose-panels,0,2,0%,10
https://www.hoosiercladding.com/products/james-hardie/hardieplank/select-cedarmill/8-1/4/navajo-beige,0,2,0%,10
https://www.hoosiercladding.com/products/james-hardie/hardieplank/colonial-smooth/7-1/4/evening-blue,0,2,0%,12
https://www.hoosiercladding.com/matrix/buchanan-mi/fiber-cement-siding-repair/cracked-panels,0,2,0%,12.5
https://www.hoosiercladding.com/matrix/dunlap-in/vinyl-siding-replacement/water-intrusion,0,2,0%,12.5
https://www.hoosiercladding.com/matrix/sturgis-mi/siding-repair/rotten-siding,0,2,0%,12.5
https://www.hoosiercladding.com/matrix/sturgis-mi/vinyl-siding-replacement/high-energy-bills,0,2,0%,12.5
https://www.hoosiercladding.com/matrix/michigan-city-in/vinyl-siding-repair/rotten-siding,0,2,0%,13.5
https://www.hoosiercladding.com/matrix/michigan-city-in/fiber-cement-siding-repair/outdated-look,0,2,0%,20.5
https://www.hoosiercladding.com/matrix/elkhart-in/james-hardie-siding-installation/rotten-siding,0,2,0%,21.5
https://www.hoosiercladding.com/matrix/goshen-in/vinyl-siding-replacement/faded-color,0,2,0%,24
https://www.hoosiercladding.com/matrix/south-bend-in/wood-siding-restoration/rotten-siding,0,2,0%,30.5
https://www.hoosiercladding.com/matrix/michigan-city-in/siding-replacement/wind-damage,0,2,0%,31.5
https://www.hoosiercladding.com/matrix/la-porte-in/hail-wind-damage-claims/water-intrusion,0,2,0%,32
https://www.hoosiercladding.com/matrix/granger-in/james-hardie-siding-installation/pest-infestation,0,2,0%,32.5
https://www.hoosiercladding.com/matrix/south-bend-in/siding-replacement/rotten-siding,0,2,0%,36.5
https://www.hoosiercladding.com/matrix/elkhart-in/shake-siding-installation/rotten-siding,0,2,0%,38.5
https://www.hoosiercladding.com/matrix/michigan-city-in/fiber-cement-siding-repair/loose-panels,0,2,0%,42
https://www.hoosiercladding.com/matrix/south-bend-in/vinyl-siding-replacement/faded-color,0,2,0%,51.5
https://www.hoosiercladding.com/matrix/elkhart-in/james-hardie-siding-installation/outdated-look,0,2,0%,60.5
https://www.hoosiercladding.com/matrix/roseland-in/soffit-fascia-repair/cracked-panels,0,2,0%,67
https://www.hoosiercladding.com/products/james-hardie/hardietrim/4/4-rustic-grain/3-1/2/monterey-taupe,0,2,0%,81
https://www.hoosiercladding.com/matrix/edwardsburg-mi/siding-repair/warped-boards,0,1,0%,1
https://www.hoosiercladding.com/matrix/knox-in/board-batten-installation/loose-panels,0,1,0%,1
https://www.hoosiercladding.com/matrix/michigan-city-in/trim-flashing-repair/rotten-siding,0,1,0%,1
https://www.hoosiercladding.com/products/james-hardie/hardieplank/smooth/8-1/4/iron-gray,0,1,0%,1
https://www.hoosiercladding.com/home,0,1,0%,2
https://www.hoosiercladding.com/matrix/dunlap-in/vinyl-siding-repair/warped-boards,0,1,0%,2
https://www.hoosiercladding.com/matrix/goshen-in/siding-inspection/water-intrusion,0,1,0%,2
https://www.hoosiercladding.com/matrix/dunlap-in/vinyl-siding-repair/outdated-look,0,1,0%,3
https://www.hoosiercladding.com/matrix/edwardsburg-mi/james-hardie-siding-installation/drafty-rooms,0,1,0%,3
https://www.hoosiercladding.com/matrix/niles-mi/james-hardie-siding-installation/high-energy-bills,0,1,0%,3
https://www.hoosiercladding.com/matrix/south-bend-in/james-hardie-siding-installation/outdated-look,0,1,0%,3
https://www.hoosiercladding.com/matrix/syracuse-in/vinyl-siding-repair/outdated-look,0,1,0%,3
https://www.hoosiercladding.com/matrix/dunlap-in/siding-replacement/outdated-look,0,1,0%,4
https://www.hoosiercladding.com/matrix/granger-in/siding-repair/loose-panels,0,1,0%,4
https://www.hoosiercladding.com/matrix/syracuse-in/siding-replacement/peeling-paint,0,1,0%,4
https://www.hoosiercladding.com/matrix/dunlap-in/james-hardie-siding-installation/rotten-siding,0,1,0%,5
https://www.hoosiercladding.com/matrix/edwardsburg-mi/siding-renovation/high-energy-bills,0,1,0%,5
https://www.hoosiercladding.com/matrix/knox-in/vinyl-siding-replacement/outdated-look,0,1,0%,5
https://www.hoosiercladding.com/matrix/lakeville-in/siding-inspection/faded-color,0,1,0%,5
https://www.hoosiercladding.com/matrix/north-liberty-in/james-hardie-siding-installation/high-energy-bills,0,1,0%,5
https://www.hoosiercladding.com/matrix/south-bend-in/james-hardie-siding-installation/peeling-paint,0,1,0%,5
https://www.hoosiercladding.com/matrix/syracuse-in/vinyl-siding-repair/rotten-siding,0,1,0%,5
https://www.hoosiercladding.com/matrix/warsaw-in/soffit-fascia-repair/outdated-look,0,1,0%,5
https://www.hoosiercladding.com/matrix/dunlap-in/vinyl-siding-repair/cracked-panels,0,1,0%,6
https://www.hoosiercladding.com/matrix/edwardsburg-mi/james-hardie-siding-installation/loose-panels,0,1,0%,6
https://www.hoosiercladding.com/matrix/south-bend-in/siding-painting-refinish/peeling-paint,0,1,0%,6
https://www.hoosiercladding.com/matrix/dowagiac-mi/vinyl-siding-replacement/rotten-siding,0,1,0%,7
https://www.hoosiercladding.com/matrix/shipshewana-in/james-hardie-siding-installation/water-intrusion,0,1,0%,7
https://www.hoosiercladding.com/matrix/south-bend-in/james-hardie-siding-installation/loose-panels,0,1,0%,7
https://www.hoosiercladding.com/matrix/sturgis-mi/vinyl-siding-replacement/outdated-look,0,1,0%,7
https://www.hoosiercladding.com/matrix/warsaw-in/aluminum-siding-repair/peeling-paint,0,1,0%,7
https://www.hoosiercladding.com/matrix/la-porte-in/vinyl-siding-replacement/faded-color,0,1,0%,8
https://www.hoosiercladding.com/matrix/syracuse-in/vinyl-siding-replacement/high-energy-bills,0,1,0%,8
https://www.hoosiercladding.com/matrix/three-rivers-mi/siding-repair/rotten-siding,0,1,0%,8
https://www.hoosiercladding.com/products/james-hardie/hardieplank/smooth/6-1/4/timber-bark,0,1,0%,8
https://www.hoosiercladding.com/home-siding-blog/install-a-metal-roof-ridge-cap,0,1,0%,9
https://www.hoosiercladding.com/matrix/cassopolis-mi/wood-siding-restoration/peeling-paint,0,1,0%,9
https://www.hoosiercladding.com/matrix/dunlap-in/aluminum-siding-repair/faded-color,0,1,0%,9
https://www.hoosiercladding.com/matrix/granger-in/soffit-fascia-repair/high-energy-bills,0,1,0%,9
https://www.hoosiercladding.com/matrix/niles-mi/james-hardie-siding-installation/drafty-rooms,0,1,0%,9
https://www.hoosiercladding.com/matrix/niles-mi/siding-repair/rotten-siding,0,1,0%,9
https://www.hoosiercladding.com/matrix/south-bend-in/siding-repair/faded-color,0,1,0%,9
https://www.hoosiercladding.com/matrix/goshen-in/storm-damage-siding-repair/pest-infestation,0,1,0%,10
https://www.hoosiercladding.com/matrix/south-bend-in/vinyl-siding-replacement/loose-panels,0,1,0%,10
https://www.hoosiercladding.com/matrix/dunlap-in/siding-repair/loose-panels,0,1,0%,11
https://www.hoosiercladding.com/matrix/mishawaka-in/vinyl-siding-replacement/outdated-look,0,1,0%,11
https://www.hoosiercladding.com/matrix/niles-mi/siding-replacement/outdated-look,0,1,0%,11
https://www.hoosiercladding.com/matrix/niles-mi/vinyl-siding-repair/pest-infestation,0,1,0%,11
https://www.hoosiercladding.com/matrix/three-rivers-mi/siding-replacement/moisture-damage,0,1,0%,11
https://www.hoosiercladding.com/matrix/warsaw-in/siding-replacement/rotten-siding,0,1,0%,11
https://www.hoosiercladding.com/matrix/dunlap-in/vinyl-siding-replacement/high-energy-bills,0,1,0%,12
https://www.hoosiercladding.com/matrix/dunlap-in/vinyl-siding-replacement/loose-panels,0,1,0%,12
https://www.hoosiercladding.com/matrix/elkhart-in/siding-replacement/rotten-siding,0,1,0%,12
https://www.hoosiercladding.com/matrix/michigan-city-in/siding-replacement/rotten-siding,0,1,0%,12
https://www.hoosiercladding.com/matrix/sturgis-mi/siding-renovation/high-energy-bills,0,1,0%,12
https://www.hoosiercladding.com/matrix/goshen-in/james-hardie-siding-installation/rotten-siding,0,1,0%,13
https://www.hoosiercladding.com/matrix/michigan-city-in/storm-damage-siding-repair/hail-damage,0,1,0%,13
https://www.hoosiercladding.com/products/james-hardie/hardietrim/4/4-rustic-grain/9-1/4/mountain-sage,0,1,0%,13
https://www.hoosiercladding.com/matrix/dunlap-in/vinyl-siding-replacement/rotten-siding,0,1,0%,14
https://www.hoosiercladding.com/matrix/granger-in/vinyl-siding-replacement/hail-damage,0,1,0%,14
https://www.hoosiercladding.com/matrix/mishawaka-in/vinyl-siding-replacement/high-energy-bills,0,1,0%,14
https://www.hoosiercladding.com/matrix/sturgis-mi/james-hardie-siding-installation/drafty-rooms,0,1,0%,14
https://www.hoosiercladding.com/matrix/sturgis-mi/storm-damage-siding-repair/rotten-siding,0,1,0%,14
https://www.hoosiercladding.com/matrix/syracuse-in/vinyl-siding-repair/cracked-panels,0,1,0%,14
https://www.hoosiercladding.com/matrix/mishawaka-in/james-hardie-siding-installation/loose-panels,0,1,0%,15
https://www.hoosiercladding.com/matrix/niles-mi/shake-siding-installation/loose-panels,0,1,0%,15
https://www.hoosiercladding.com/matrix/syracuse-in/siding-replacement/cracked-panels,0,1,0%,15
https://www.hoosiercladding.com/matrix/la-porte-in/trim-flashing-repair/hail-damage,0,1,0%,16
https://www.hoosiercladding.com/matrix/la-porte-in/soffit-fascia-repair/warped-boards,0,1,0%,17
https://www.hoosiercladding.com/matrix/cassopolis-mi/siding-painting-refinish/outdated-look,0,1,0%,18
https://www.hoosiercladding.com/matrix/shipshewana-in/shake-siding-installation/water-intrusion,0,1,0%,18
https://www.hoosiercladding.com/matrix/sturgis-mi/vinyl-siding-repair/rotten-siding,0,1,0%,19
https://www.hoosiercladding.com/matrix/michigan-city-in/james-hardie-siding-installation/hail-damage,0,1,0%,22
https://www.hoosiercladding.com/matrix/elkhart-in/soffit-fascia-repair/loose-panels,0,1,0%,23
https://www.hoosiercladding.com/matrix/niles-mi/fiber-cement-siding-repair/cracked-panels,0,1,0%,23
https://www.hoosiercladding.com/matrix/new-carlisle-in/soffit-fascia-repair/warped-boards,0,1,0%,24
https://www.hoosiercladding.com/siding,0,1,0%,25
https://www.hoosiercladding.com/products/james-hardie/soffit/beaded-porch/gray-slate,0,1,0%,26
https://www.hoosiercladding.com/matrix/granger-in/vinyl-siding-replacement/rotten-siding,0,1,0%,27
https://www.hoosiercladding.com/matrix/lakeville-in/james-hardie-siding-installation/moisture-damage,0,1,0%,29
https://www.hoosiercladding.com/matrix/la-porte-in/siding-repair/hail-damage,0,1,0%,35
https://www.hoosiercladding.com/matrix/michigan-city-in/aluminum-siding-repair/hail-damage,0,1,0%,39
https://www.hoosiercladding.com/matrix/shipshewana-in/storm-damage-siding-repair/storm-damage,0,1,0%,39
https://www.hoosiercladding.com/matrix/la-porte-in/storm-damage-siding-repair/water-intrusion,0,1,0%,43
https://www.hoosiercladding.com/matrix/michigan-city-in/vinyl-siding-replacement/hail-damage,0,1,0%,46
https://www.hoosiercladding.com/matrix/new-carlisle-in/james-hardie-siding-installation/cracked-panels,0,1,0%,46
https://www.hoosiercladding.com/matrix/dunlap-in/siding-repair/cracked-panels,0,1,0%,48
https://www.hoosiercladding.com/matrix/new-carlisle-in/james-hardie-siding-installation/hail-damage,0,1,0%,49
https://www.hoosiercladding.com/matrix/new-carlisle-in/james-hardie-siding-installation/high-energy-bills,0,1,0%,51
https://www.hoosiercladding.com/matrix/roseland-in/james-hardie-siding-installation/cracked-panels,0,1,0%,51
https://www.hoosiercladding.com/matrix/south-bend-in/james-hardie-siding-installation/faded-color,0,1,0%,55
https://www.hoosiercladding.com/matrix/syracuse-in/siding-replacement/moisture-damage,0,1,0%,56
https://www.hoosiercladding.com/matrix/plymouth-in/fiber-cement-siding-repair/warped-boards,0,1,0%,65
https://www.hoosiercladding.com/matrix/plymouth-in/trim-flashing-repair/storm-damage,0,1,0%,65
https://www.hoosiercladding.com/matrix/bremen-in/james-hardie-siding-installation/hail-damage,0,1,0%,75
https://www.hoosiercladding.com/matrix/sturgis-mi/james-hardie-siding-installation/cracked-panels,0,1,0%,95
https://www.hoosiercladding.com/vinyl-siding-installers,0,1,0%,96
https://www.hoosiercladding.com/matrix/south-bend-in/james-hardie-siding-installation/hail-damage,0,1,0%,97