Top queries,Clicks,Impressions,CTR,Position
house siding replacement,0,95,0%,15.15
siding replacement,0,50,0%,13.58
vinyl siding south bend,0,20,0%,26.6
siding contractors south bend in,0,18,0%,22.28
james hardie colonial roughsawn,0,17,0%,18.94
siding contractors south bend indiana,0,17,0%,20.12
goshen in siding,0,15,0%,30.33
siding company,0,14,0%,15.14
siding south bend,0,13,0%,25.38
south bend siding company,0,13,0%,30.15
home siding replacement,0,12,0%,19.08
vinyl siding installers near me,0,12,0%,84.08
"how much does vinyl siding installation cost in indianapolis (in united 
states. be sure to reply in english)",0,10,0%,1.8
siding companies plymouth in,0,10,0%,13.8
siding company south bend,0,10,0%,20.1
siding companies south bend in,0,10,0%,20.4
granger indiana siding installers,0,9,0%,13
"siding installation granger, indiana",0,9,0%,14.22
siding contractor elkhart in,0,9,0%,30
siding contractors elkhart in,0,9,0%,32.22
siding contractors,0,9,0%,36
water damage insurance claims indiana,0,9,0%,38.33
plymouth in siding,0,8,0%,11.38
hoosier square insulation,0,8,0%,22.75
south bend siding,0,8,0%,28.88
siding installation south bend in,0,8,0%,29.62
siding replacement warsaw indiana,0,7,0%,11.71
plymouth in siding contractor,0,7,0%,12.57
siding contractors near me,0,7,0%,39.57
replacement dowagiac mi,0,7,0%,51
"how much does it cost to install vinyl siding in indianapolis (in united 
states. be sure to reply in english)",0,6,0%,1
siding installation elkhart in,0,6,0%,40.17
vinyl siding indiana,0,6,0%,83.83
siding repair near me,0,5,0%,29.6
siding elkhart,0,5,0%,41.8
door installation south bend in,0,5,0%,67.4
james hardie siding cost per square foot installed 2024 2025,0,4,0%,11.75
soffit repair south bend in,0,4,0%,19.25
james hardie siding in plymouth,0,4,0%,26.75
door replacement south bend,0,3,0%,13
residential siding replacement indiana,0,3,0%,15
siding installation granger in,0,3,0%,16
vinyl siding south bend in,0,3,0%,19
siding companies,0,3,0%,32.33
water damage la porte,0,3,0%,35.67
vinyl siding installer near me,0,3,0%,41.33
siding elkhart indiana,0,3,0%,43.67
siding installers near me,0,3,0%,45.67
door repair south bend,0,3,0%,83
cost to replace siding with hardie board on 2000 sq ft house 2024,0,2,0%,4.5
fiber cement siding michigan city in,0,2,0%,4.5
siding contractor shipshewana,0,2,0%,11.5
concrete crack repair buchanan mi,0,2,0%,12.5
siding installation shipshewana,0,2,0%,12.5
fascia repair south bend in,0,2,0%,15
fascia roof repair warsaw in,0,2,0%,19
indiana vinyl siding installers,0,2,0%,19
vinyl siding contractor near me,0,2,0%,19
vinyl siding installation near me,0,2,0%,20.5
vinyl siding contractors near me,0,2,0%,21.5
siding installation near me,0,2,0%,22
vinyl siding near me,0,2,0%,22.5
average cost for siding replacement,0,2,0%,46
average cost for new siding,0,2,0%,46.5
door installation granger in,0,2,0%,58.5
siding near me,0,2,0%,66.5
fascia roof repair fremont in,0,2,0%,67
siding company elkhart in,0,2,0%,78.5
board and batten siding near me,0,1,0%,1
cost for new siding,0,1,0%,1
how much does it cost to get siding replaced,0,1,0%,1
commercial siding contractor,0,1,0%,5
average cost of siding a house greenfield in,0,1,0%,6
siding painting south bend,0,1,0%,6
vinyl siding material cost per square foot 2025,0,1,0%,6
siding repair,0,1,0%,9
cost of siding replacement in fort wayne,0,1,0%,10
siding contractor sturgis,0,1,0%,12
door replacement south bend in,0,1,0%,14
vinyl siding replacement,0,1,0%,14
composite siding south bend in,0,1,0%,15
james hardie siding installation cost per square foot 2024,0,1,0%,15
siding replacement south bend in,0,1,0%,18
colonial roughsawn hardie,0,1,0%,19
siding contractor near me,0,1,0%,22
concrete crack repair niles mi,0,1,0%,23
siding company near me,0,1,0%,23
vinyl siding suppliers near me,0,1,0%,26
hoosier homes construction,0,1,0%,46
siding supply near me,0,1,0%,47
engineered wood siding south bend in,0,1,0%,48
hoosier contractors llc,0,1,0%,50
full siding replacement,0,1,0%,51
hoosier home improvement,0,1,0%,52
fiber cement siding plymouth,0,1,0%,65
storm damage repair plymouth,0,1,0%,65
siding replacement estimates,0,1,0%,72
hoosier windows and doors,0,1,0%,75
james hardie siding fort wayne,0,1,0%,75
hoosier windows & siding of indianapolis,0,1,0%,81
how much for new house siding,0,1,0%,84
siding for house prices,0,1,0%,87
insulated vinyl siding prices,0,1,0%,88
cost of vinyl siding repair,0,1,0%,94
prices for siding a home,0,1,0%,95
siding installation badin,0,1,0%,99