,brand_name,brand_url,brand_sameas,contact_phone,contact_email,street,city,region,postal,country,entity_type,primary_keyword,secondary_keyword,location,pain_point,platform,price,currency,employment_type,datePosted,validThrough,seo_title,meta_description,h1,city_slug,primary_slug,secondary_slug,pain_slug,platform_slug,slug,page_url,faq_q1,faq_a1,faq_q2,faq_a2,faq_q3,faq_a3,faq_q4,faq_a4,faq_q5,faq_a5,faq_q6,faq_a6
5118,Hoosier Cladding,https://www.hoosiercladding.com/,https://www.hoosiercladding.com/,+1 574-555-0123,info@hoosiercladding.com,,South Bend,IN,,US,service,Siding Replacement,,"Dunlap, IN",Rotten Siding,,,USD,,2025-10-08,2026-04-06,"Siding Replacement for Rotten Siding in Dunlap, IN | Hoosier Cladding","Hoosier Cladding provides siding replacement in Dunlap, IN to fix rotten siding. Free inspections, fast turnarounds, and durable materials.","Siding Replacement for Rotten Siding in Dunlap, IN",dunlap-in,siding-replacement,,rotten-siding,,dunlap-in/siding-replacement/rotten-siding,https://www.hoosiercladding.com/matrix/dunlap-in/siding-replacement/rotten-siding/,How fast can you repair storm-damaged siding?,Most minor repairs are completed within 48–72 hours after inspection. Timelines depend on material availability and damage severity.,Do you work with insurance for hail or wind claims?,"Yes. We document damage, provide estimates, and coordinate directly with your insurer to streamline your claim.",Can you color-match existing vinyl or fiber cement siding?,We offer professional color-matching and can source compatible profiles to blend repairs with your current exterior.,What are signs my siding needs replacement instead of repair?,"Widespread warping, water intrusion, soft spots, and repeated repairs are indicators a full replacement may be more cost-effective.",Do you install James Hardie fiber cement siding?,Yes. We’re experienced with James Hardie installations and follow manufacturer specifications for warranty compliance.,How can siding upgrades reduce energy bills?,Properly installed siding with air and moisture barriers can reduce drafts and help maintain indoor temperatures year-round.
8931,Hoosier Cladding,https://www.hoosiercladding.com/,https://www.hoosiercladding.com/,+1 574-555-0123,info@hoosiercladding.com,,South Bend,IN,,US,service,House Wrap & Weatherproofing,,"Cassopolis, MI",Faded Color,,,USD,,2025-10-08,2026-04-06,"House Wrap & Weatherproofing for Faded Color in Cassopolis, MI | Hoosier Cladding","Hoosier Cladding provides house wrap & weatherproofing in Cassopolis, MI to fix faded color. Free inspections, fast turnarounds, and durable materials.","House Wrap & Weatherproofing for Faded Color in Cassopolis, MI",cassopolis-mi,house-wrap-weatherproofing,,faded-color,,cassopolis-mi/house-wrap-weatherproofing/faded-color,https://www.hoosiercladding.com/matrix/cassopolis-mi/house-wrap-weatherproofing/faded-color/,How fast can you repair storm-damaged siding?,Most minor repairs are completed within 48–72 hours after inspection. Timelines depend on material availability and damage severity.,Do you work with insurance for hail or wind claims?,"Yes. We document damage, provide estimates, and coordinate directly with your insurer to streamline your claim.",Can you color-match existing vinyl or fiber cement siding?,We offer professional color-matching and can source compatible profiles to blend repairs with your current exterior.,What are signs my siding needs replacement instead of repair?,"Widespread warping, water intrusion, soft spots, and repeated repairs are indicators a full replacement may be more cost-effective.",Do you install James Hardie fiber cement siding?,Yes. We’re experienced with James Hardie installations and follow manufacturer specifications for warranty compliance.,How can siding upgrades reduce energy bills?,Properly installed siding with air and moisture barriers can reduce drafts and help maintain indoor temperatures year-round.
8515,Hoosier Cladding,https://www.hoosiercladding.com/,https://www.hoosiercladding.com/,+1 574-555-0123,info@hoosiercladding.com,,South Bend,IN,,US,service,James Hardie Siding Installation,,"Edwardsburg, MI",Drafty Rooms,,,USD,,2025-10-08,2026-04-06,"James Hardie Siding Installation for Drafty Rooms in Edwardsburg, MI | Hoosier Cladding","Hoosier Cladding provides james hardie siding installation in Edwardsburg, MI to fix drafty rooms. Free inspections, fast turnarounds, and durable materials.","James Hardie Siding Installation for Drafty Rooms in Edwardsburg, MI",edwardsburg-mi,james-hardie-siding-installation,,drafty-rooms,,edwardsburg-mi/james-hardie-siding-installation/drafty-rooms,https://www.hoosiercladding.com/matrix/edwardsburg-mi/james-hardie-siding-installation/drafty-rooms/,How fast can you repair storm-damaged siding?,Most minor repairs are completed within 48–72 hours after inspection. Timelines depend on material availability and damage severity.,Do you work with insurance for hail or wind claims?,"Yes. We document damage, provide estimates, and coordinate directly with your insurer to streamline your claim.",Can you color-match existing vinyl or fiber cement siding?,We offer professional color-matching and can source compatible profiles to blend repairs with your current exterior.,What are signs my siding needs replacement instead of repair?,"Widespread warping, water intrusion, soft spots, and repeated repairs are indicators a full replacement may be more cost-effective.",Do you install James Hardie fiber cement siding?,Yes. We’re experienced with James Hardie installations and follow manufacturer specifications for warranty compliance.,How can siding upgrades reduce energy bills?,Properly installed siding with air and moisture barriers can reduce drafts and help maintain indoor temperatures year-round.
7282,Hoosier Cladding,https://www.hoosiercladding.com/,https://www.hoosiercladding.com/,+1 574-555-0123,info@hoosiercladding.com,,South Bend,IN,,US,service,Vinyl Siding Replacement,,"Rochester, IN",Moisture Damage,,,USD,,2025-10-08,2026-04-06,"Vinyl Siding Replacement for Moisture Damage in Rochester, IN | Hoosier Cladding","Hoosier Cladding provides vinyl siding replacement in Rochester, IN to fix moisture damage. Free inspections, fast turnarounds, and durable materials.","Vinyl Siding Replacement for Moisture Damage in Rochester, IN",rochester-in,vinyl-siding-replacement,,moisture-damage,,rochester-in/vinyl-siding-replacement/moisture-damage,https://www.hoosiercladding.com/matrix/rochester-in/vinyl-siding-replacement/moisture-damage/,How fast can you repair storm-damaged siding?,Most minor repairs are completed within 48–72 hours after inspection. Timelines depend on material availability and damage severity.,Do you work with insurance for hail or wind claims?,"Yes. We document damage, provide estimates, and coordinate directly with your insurer to streamline your claim.",Can you color-match existing vinyl or fiber cement siding?,We offer professional color-matching and can source compatible profiles to blend repairs with your current exterior.,What are signs my siding needs replacement instead of repair?,"Widespread warping, water intrusion, soft spots, and repeated repairs are indicators a full replacement may be more cost-effective.",Do you install James Hardie fiber cement siding?,Yes. We’re experienced with James Hardie installations and follow manufacturer specifications for warranty compliance.,How can siding upgrades reduce energy bills?,Properly installed siding with air and moisture barriers can reduce drafts and help maintain indoor temperatures year-round.
7623,Hoosier Cladding,https://www.hoosiercladding.com/,https://www.hoosiercladding.com/,+1 574-555-0123,info@hoosiercladding.com,,South Bend,IN,,US,service,Wood Siding Restoration,,"Wakarusa, IN",Rotten Siding,,,USD,,2025-10-08,2026-04-06,"Wood Siding Restoration for Rotten Siding in Wakarusa, IN | Hoosier Cladding","Hoosier Cladding provides wood siding restoration in Wakarusa, IN to fix rotten siding. Free inspections, fast turnarounds, and durable materials.","Wood Siding Restoration for Rotten Siding in Wakarusa, IN",wakarusa-in,wood-siding-restoration,,rotten-siding,,wakarusa-in/wood-siding-restoration/rotten-siding,https://www.hoosiercladding.com/matrix/wakarusa-in/wood-siding-restoration/rotten-siding/,How fast can you repair storm-damaged siding?,Most minor repairs are completed within 48–72 hours after inspection. Timelines depend on material availability and damage severity.,Do you work with insurance for hail or wind claims?,"Yes. We document damage, provide estimates, and coordinate directly with your insurer to streamline your claim.",Can you color-match existing vinyl or fiber cement siding?,We offer professional color-matching and can source compatible profiles to blend repairs with your current exterior.,What are signs my siding needs replacement instead of repair?,"Widespread warping, water intrusion, soft spots, and repeated repairs are indicators a full replacement may be more cost-effective.",Do you install James Hardie fiber cement siding?,Yes. We’re experienced with James Hardie installations and follow manufacturer specifications for warranty compliance.,How can siding upgrades reduce energy bills?,Properly installed siding with air and moisture barriers can reduce drafts and help maintain indoor temperatures year-round.
6029,Hoosier Cladding,https://www.hoosiercladding.com/,https://www.hoosiercladding.com/,+1 574-555-0123,info@hoosiercladding.com,,South Bend,IN,,US,service,Siding Replacement,,"Middlebury, IN",Peeling Paint,,,USD,,2025-10-08,2026-04-06,"Siding Replacement for Peeling Paint in Middlebury, IN | Hoosier Cladding","Hoosier Cladding provides siding replacement in Middlebury, IN to fix peeling paint. Free inspections, fast turnarounds, and durable materials.","Siding Replacement for Peeling Paint in Middlebury, IN",middlebury-in,siding-replacement,,peeling-paint,,middlebury-in/siding-replacement/peeling-paint,https://www.hoosiercladding.com/matrix/middlebury-in/siding-replacement/peeling-paint/,How fast can you repair storm-damaged siding?,Most minor repairs are completed within 48–72 hours after inspection. Timelines depend on material availability and damage severity.,Do you work with insurance for hail or wind claims?,"Yes. We document damage, provide estimates, and coordinate directly with your insurer to streamline your claim.",Can you color-match existing vinyl or fiber cement siding?,We offer professional color-matching and can source compatible profiles to blend repairs with your current exterior.,What are signs my siding needs replacement instead of repair?,"Widespread warping, water intrusion, soft spots, and repeated repairs are indicators a full replacement may be more cost-effective.",Do you install James Hardie fiber cement siding?,Yes. We’re experienced with James Hardie installations and follow manufacturer specifications for warranty compliance.,How can siding upgrades reduce energy bills?,Properly installed siding with air and moisture barriers can reduce drafts and help maintain indoor temperatures year-round.
3329,Hoosier Cladding,https://www.hoosiercladding.com/,https://www.hoosiercladding.com/,+1 574-555-0123,info@hoosiercladding.com,,South Bend,IN,,US,service,Siding Replacement,,"New Carlisle, IN",Peeling Paint,,,USD,,2025-10-08,2026-04-06,"Siding Replacement for Peeling Paint in New Carlisle, IN | Hoosier Cladding","Hoosier Cladding provides siding replacement in New Carlisle, IN to fix peeling paint. Free inspections, fast turnarounds, and durable materials.","Siding Replacement for Peeling Paint in New Carlisle, IN",new-carlisle-in,siding-replacement,,peeling-paint,,new-carlisle-in/siding-replacement/peeling-paint,https://www.hoosiercladding.com/matrix/new-carlisle-in/siding-replacement/peeling-paint/,How fast can you repair storm-damaged siding?,Most minor repairs are completed within 48–72 hours after inspection. Timelines depend on material availability and damage severity.,Do you work with insurance for hail or wind claims?,"Yes. We document damage, provide estimates, and coordinate directly with your insurer to streamline your claim.",Can you color-match existing vinyl or fiber cement siding?,We offer professional color-matching and can source compatible profiles to blend repairs with your current exterior.,What are signs my siding needs replacement instead of repair?,"Widespread warping, water intrusion, soft spots, and repeated repairs are indicators a full replacement may be more cost-effective.",Do you install James Hardie fiber cement siding?,Yes. We’re experienced with James Hardie installations and follow manufacturer specifications for warranty compliance.,How can siding upgrades reduce energy bills?,Properly installed siding with air and moisture barriers can reduce drafts and help maintain indoor temperatures year-round.
8934,Hoosier Cladding,https://www.hoosiercladding.com/,https://www.hoosiercladding.com/,+1 574-555-0123,info@hoosiercladding.com,,South Bend,IN,,US,service,House Wrap & Weatherproofing,,"Cassopolis, MI",High Energy Bills,,,USD,,2025-10-08,2026-04-06,"House Wrap & Weatherproofing for High Energy Bills in Cassopolis, MI | Hoosier Cladding","Hoosier Cladding provides house wrap & weatherproofing in Cassopolis, MI to fix high energy bills. Free inspections, fast turnarounds, and durable materials.","House Wrap & Weatherproofing for High Energy Bills in Cassopolis, MI",cassopolis-mi,house-wrap-weatherproofing,,high-energy-bills,,cassopolis-mi/house-wrap-weatherproofing/high-energy-bills,https://www.hoosiercladding.com/matrix/cassopolis-mi/house-wrap-weatherproofing/high-energy-bills/,How fast can you repair storm-damaged siding?,Most minor repairs are completed within 48–72 hours after inspection. Timelines depend on material availability and damage severity.,Do you work with insurance for hail or wind claims?,"Yes. We document damage, provide estimates, and coordinate directly with your insurer to streamline your claim.",Can you color-match existing vinyl or fiber cement siding?,We offer professional color-matching and can source compatible profiles to blend repairs with your current exterior.,What are signs my siding needs replacement instead of repair?,"Widespread warping, water intrusion, soft spots, and repeated repairs are indicators a full replacement may be more cost-effective.",Do you install James Hardie fiber cement siding?,Yes. We’re experienced with James Hardie installations and follow manufacturer specifications for warranty compliance.,How can siding upgrades reduce energy bills?,Properly installed siding with air and moisture barriers can reduce drafts and help maintain indoor temperatures year-round.
3879,Hoosier Cladding,https://www.hoosiercladding.com/,https://www.hoosiercladding.com/,+1 574-555-0123,info@hoosiercladding.com,,South Bend,IN,,US,service,Moisture & Rot Remediation,,"Walkerton, IN",High Energy Bills,,,USD,,2025-10-08,2026-04-06,"Moisture & Rot Remediation for High Energy Bills in Walkerton, IN | Hoosier Cladding","Hoosier Cladding provides moisture & rot remediation in Walkerton, IN to fix high energy bills. Free inspections, fast turnarounds, and durable materials.","Moisture & Rot Remediation for High Energy Bills in Walkerton, IN",walkerton-in,moisture-rot-remediation,,high-energy-bills,,walkerton-in/moisture-rot-remediation/high-energy-bills,https://www.hoosiercladding.com/matrix/walkerton-in/moisture-rot-remediation/high-energy-bills/,How fast can you repair storm-damaged siding?,Most minor repairs are completed within 48–72 hours after inspection. Timelines depend on material availability and damage severity.,Do you work with insurance for hail or wind claims?,"Yes. We document damage, provide estimates, and coordinate directly with your insurer to streamline your claim.",Can you color-match existing vinyl or fiber cement siding?,We offer professional color-matching and can source compatible profiles to blend repairs with your current exterior.,What are signs my siding needs replacement instead of repair?,"Widespread warping, water intrusion, soft spots, and repeated repairs are indicators a full replacement may be more cost-effective.",Do you install James Hardie fiber cement siding?,Yes. We’re experienced with James Hardie installations and follow manufacturer specifications for warranty compliance.,How can siding upgrades reduce energy bills?,Properly installed siding with air and moisture barriers can reduce drafts and help maintain indoor temperatures year-round.
3781,Hoosier Cladding,https://www.hoosiercladding.com/,https://www.hoosiercladding.com/,+1 574-555-0123,info@hoosiercladding.com,,South Bend,IN,,US,service,Siding Painting & Refinish,,"Walkerton, IN",Hail Damage,,,USD,,2025-10-08,2026-04-06,"Siding Painting & Refinish for Hail Damage in Walkerton, IN | Hoosier Cladding","Hoosier Cladding provides siding painting & refinish in Walkerton, IN to fix hail damage. Free inspections, fast turnarounds, and durable materials.","Siding Painting & Refinish for Hail Damage in Walkerton, IN",walkerton-in,siding-painting-refinish,,hail-damage,,walkerton-in/siding-painting-refinish/hail-damage,https://www.hoosiercladding.com/matrix/walkerton-in/siding-painting-refinish/hail-damage/,How fast can you repair storm-damaged siding?,Most minor repairs are completed within 48–72 hours after inspection. Timelines depend on material availability and damage severity.,Do you work with insurance for hail or wind claims?,"Yes. We document damage, provide estimates, and coordinate directly with your insurer to streamline your claim.",Can you color-match existing vinyl or fiber cement siding?,We offer professional color-matching and can source compatible profiles to blend repairs with your current exterior.,What are signs my siding needs replacement instead of repair?,"Widespread warping, water intrusion, soft spots, and repeated repairs are indicators a full replacement may be more cost-effective.",Do you install James Hardie fiber cement siding?,Yes. We’re experienced with James Hardie installations and follow manufacturer specifications for warranty compliance.,How can siding upgrades reduce energy bills?,Properly installed siding with air and moisture barriers can reduce drafts and help maintain indoor temperatures year-round.
1669,Hoosier Cladding,https://www.hoosiercladding.com/,https://www.hoosiercladding.com/,+1 574-555-0123,info@hoosiercladding.com,,South Bend,IN,,US,service,Trim & Flashing Repair,,"Goshen, IN",Cracked Panels,,,USD,,2025-10-08,2026-04-06,"Trim & Flashing Repair for Cracked Panels in Goshen, IN | Hoosier Cladding","Hoosier Cladding provides trim & flashing repair in Goshen, IN to fix cracked panels. Free inspections, fast turnarounds, and durable materials.","Trim & Flashing Repair for Cracked Panels in Goshen, IN",goshen-in,trim-flashing-repair,,cracked-panels,,goshen-in/trim-flashing-repair/cracked-panels,https://www.hoosiercladding.com/matrix/goshen-in/trim-flashing-repair/cracked-panels/,How fast can you repair storm-damaged siding?,Most minor repairs are completed within 48–72 hours after inspection. Timelines depend on material availability and damage severity.,Do you work with insurance for hail or wind claims?,"Yes. We document damage, provide estimates, and coordinate directly with your insurer to streamline your claim.",Can you color-match existing vinyl or fiber cement siding?,We offer professional color-matching and can source compatible profiles to blend repairs with your current exterior.,What are signs my siding needs replacement instead of repair?,"Widespread warping, water intrusion, soft spots, and repeated repairs are indicators a full replacement may be more cost-effective.",Do you install James Hardie fiber cement siding?,Yes. We’re experienced with James Hardie installations and follow manufacturer specifications for warranty compliance.,How can siding upgrades reduce energy bills?,Properly installed siding with air and moisture barriers can reduce drafts and help maintain indoor temperatures year-round.
2108,Hoosier Cladding,https://www.hoosiercladding.com/,https://www.hoosiercladding.com/,+1 574-555-0123,info@hoosiercladding.com,,South Bend,IN,,US,service,Siding Repair,,"Bremen, IN",Pest Infestation,,,USD,,2025-10-08,2026-04-06,"Siding Repair for Pest Infestation in Bremen, IN | Hoosier Cladding","Hoosier Cladding provides siding repair in Bremen, IN to fix pest infestation. Free inspections, fast turnarounds, and durable materials.","Siding Repair for Pest Infestation in Bremen, IN",bremen-in,siding-repair,,pest-infestation,,bremen-in/siding-repair/pest-infestation,https://www.hoosiercladding.com/matrix/bremen-in/siding-repair/pest-infestation/,How fast can you repair storm-damaged siding?,Most minor repairs are completed within 48–72 hours after inspection. Timelines depend on material availability and damage severity.,Do you work with insurance for hail or wind claims?,"Yes. We document damage, provide estimates, and coordinate directly with your insurer to streamline your claim.",Can you color-match existing vinyl or fiber cement siding?,We offer professional color-matching and can source compatible profiles to blend repairs with your current exterior.,What are signs my siding needs replacement instead of repair?,"Widespread warping, water intrusion, soft spots, and repeated repairs are indicators a full replacement may be more cost-effective.",Do you install James Hardie fiber cement siding?,Yes. We’re experienced with James Hardie installations and follow manufacturer specifications for warranty compliance.,How can siding upgrades reduce energy bills?,Properly installed siding with air and moisture barriers can reduce drafts and help maintain indoor temperatures year-round.
3037,Hoosier Cladding,https://www.hoosiercladding.com/,https://www.hoosiercladding.com/,+1 574-555-0123,info@hoosiercladding.com,,South Bend,IN,,US,service,Siding Renovation,,"Michigan City, IN",Moisture Damage,,,USD,,2025-10-08,2026-04-06,"Siding Renovation for Moisture Damage in Michigan City, IN | Hoosier Cladding","Hoosier Cladding provides siding renovation in Michigan City, IN to fix moisture damage. Free inspections, fast turnarounds, and durable materials.","Siding Renovation for Moisture Damage in Michigan City, IN",michigan-city-in,siding-renovation,,moisture-damage,,michigan-city-in/siding-renovation/moisture-damage,https://www.hoosiercladding.com/matrix/michigan-city-in/siding-renovation/moisture-damage/,How fast can you repair storm-damaged siding?,Most minor repairs are completed within 48–72 hours after inspection. Timelines depend on material availability and damage severity.,Do you work with insurance for hail or wind claims?,"Yes. We document damage, provide estimates, and coordinate directly with your insurer to streamline your claim.",Can you color-match existing vinyl or fiber cement siding?,We offer professional color-matching and can source compatible profiles to blend repairs with your current exterior.,What are signs my siding needs replacement instead of repair?,"Widespread warping, water intrusion, soft spots, and repeated repairs are indicators a full replacement may be more cost-effective.",Do you install James Hardie fiber cement siding?,Yes. We’re experienced with James Hardie installations and follow manufacturer specifications for warranty compliance.,How can siding upgrades reduce energy bills?,Properly installed siding with air and moisture barriers can reduce drafts and help maintain indoor temperatures year-round.
9625,Hoosier Cladding,https://www.hoosiercladding.com/,https://www.hoosiercladding.com/,+1 574-555-0123,info@hoosiercladding.com,,South Bend,IN,,US,service,Siding Replacement,,"Union, MI",Drafty Rooms,,,USD,,2025-10-08,2026-04-06,"Siding Replacement for Drafty Rooms in Union, MI | Hoosier Cladding","Hoosier Cladding provides siding replacement in Union, MI to fix drafty rooms. Free inspections, fast turnarounds, and durable materials.","Siding Replacement for Drafty Rooms in Union, MI",union-mi,siding-replacement,,drafty-rooms,,union-mi/siding-replacement/drafty-rooms,https://www.hoosiercladding.com/matrix/union-mi/siding-replacement/drafty-rooms/,How fast can you repair storm-damaged siding?,Most minor repairs are completed within 48–72 hours after inspection. Timelines depend on material availability and damage severity.,Do you work with insurance for hail or wind claims?,"Yes. We document damage, provide estimates, and coordinate directly with your insurer to streamline your claim.",Can you color-match existing vinyl or fiber cement siding?,We offer professional color-matching and can source compatible profiles to blend repairs with your current exterior.,What are signs my siding needs replacement instead of repair?,"Widespread warping, water intrusion, soft spots, and repeated repairs are indicators a full replacement may be more cost-effective.",Do you install James Hardie fiber cement siding?,Yes. We’re experienced with James Hardie installations and follow manufacturer specifications for warranty compliance.,How can siding upgrades reduce energy bills?,Properly installed siding with air and moisture barriers can reduce drafts and help maintain indoor temperatures year-round.
3540,Hoosier Cladding,https://www.hoosiercladding.com/,https://www.hoosiercladding.com/,+1 574-555-0123,info@hoosiercladding.com,,South Bend,IN,,US,service,Hail & Wind Damage Claims,,"New Carlisle, IN",Storm Damage,,,USD,,2025-10-08,2026-04-06,"Hail & Wind Damage Claims for Storm Damage in New Carlisle, IN | Hoosier Cladding","Hoosier Cladding provides hail & wind damage claims in New Carlisle, IN to fix storm damage. Free inspections, fast turnarounds, and durable materials.","Hail & Wind Damage Claims for Storm Damage in New Carlisle, IN",new-carlisle-in,hail-wind-damage-claims,,storm-damage,,new-carlisle-in/hail-wind-damage-claims/storm-damage,https://www.hoosiercladding.com/matrix/new-carlisle-in/hail-wind-damage-claims/storm-damage/,How fast can you repair storm-damaged siding?,Most minor repairs are completed within 48–72 hours after inspection. Timelines depend on material availability and damage severity.,Do you work with insurance for hail or wind claims?,"Yes. We document damage, provide estimates, and coordinate directly with your insurer to streamline your claim.",Can you color-match existing vinyl or fiber cement siding?,We offer professional color-matching and can source compatible profiles to blend repairs with your current exterior.,What are signs my siding needs replacement instead of repair?,"Widespread warping, water intrusion, soft spots, and repeated repairs are indicators a full replacement may be more cost-effective.",Do you install James Hardie fiber cement siding?,Yes. We’re experienced with James Hardie installations and follow manufacturer specifications for warranty compliance.,How can siding upgrades reduce energy bills?,Properly installed siding with air and moisture barriers can reduce drafts and help maintain indoor temperatures year-round.
8962,Hoosier Cladding,https://www.hoosiercladding.com/,https://www.hoosiercladding.com/,+1 574-555-0123,info@hoosiercladding.com,,South Bend,IN,,US,service,Insurance Claim Assistance,,"Cassopolis, MI",Moisture Damage,,,USD,,2025-10-08,2026-04-06,"Insurance Claim Assistance for Moisture Damage in Cassopolis, MI | Hoosier Cladding","Hoosier Cladding provides insurance claim assistance in Cassopolis, MI to fix moisture damage. Free inspections, fast turnarounds, and durable materials.","Insurance Claim Assistance for Moisture Damage in Cassopolis, MI",cassopolis-mi,insurance-claim-assistance,,moisture-damage,,cassopolis-mi/insurance-claim-assistance/moisture-damage,https://www.hoosiercladding.com/matrix/cassopolis-mi/insurance-claim-assistance/moisture-damage/,How fast can you repair storm-damaged siding?,Most minor repairs are completed within 48–72 hours after inspection. Timelines depend on material availability and damage severity.,Do you work with insurance for hail or wind claims?,"Yes. We document damage, provide estimates, and coordinate directly with your insurer to streamline your claim.",Can you color-match existing vinyl or fiber cement siding?,We offer professional color-matching and can source compatible profiles to blend repairs with your current exterior.,What are signs my siding needs replacement instead of repair?,"Widespread warping, water intrusion, soft spots, and repeated repairs are indicators a full replacement may be more cost-effective.",Do you install James Hardie fiber cement siding?,Yes. We’re experienced with James Hardie installations and follow manufacturer specifications for warranty compliance.,How can siding upgrades reduce energy bills?,Properly installed siding with air and moisture barriers can reduce drafts and help maintain indoor temperatures year-round.
5389,Hoosier Cladding,https://www.hoosiercladding.com/,https://www.hoosiercladding.com/,+1 574-555-0123,info@hoosiercladding.com,,South Bend,IN,,US,service,Siding Inspection,,"Dunlap, IN",Cracked Panels,,,USD,,2025-10-08,2026-04-06,"Siding Inspection for Cracked Panels in Dunlap, IN | Hoosier Cladding","Hoosier Cladding provides siding inspection in Dunlap, IN to fix cracked panels. Free inspections, fast turnarounds, and durable materials.","Siding Inspection for Cracked Panels in Dunlap, IN",dunlap-in,siding-inspection,,cracked-panels,,dunlap-in/siding-inspection/cracked-panels,https://www.hoosiercladding.com/matrix/dunlap-in/siding-inspection/cracked-panels/,How fast can you repair storm-damaged siding?,Most minor repairs are completed within 48–72 hours after inspection. Timelines depend on material availability and damage severity.,Do you work with insurance for hail or wind claims?,"Yes. We document damage, provide estimates, and coordinate directly with your insurer to streamline your claim.",Can you color-match existing vinyl or fiber cement siding?,We offer professional color-matching and can source compatible profiles to blend repairs with your current exterior.,What are signs my siding needs replacement instead of repair?,"Widespread warping, water intrusion, soft spots, and repeated repairs are indicators a full replacement may be more cost-effective.",Do you install James Hardie fiber cement siding?,Yes. We’re experienced with James Hardie installations and follow manufacturer specifications for warranty compliance.,How can siding upgrades reduce energy bills?,Properly installed siding with air and moisture barriers can reduce drafts and help maintain indoor temperatures year-round.
9296,Hoosier Cladding,https://www.hoosiercladding.com/,https://www.hoosiercladding.com/,+1 574-555-0123,info@hoosiercladding.com,,South Bend,IN,,US,service,Siding Inspection,,"Dowagiac, MI",Water Intrusion,,,USD,,2025-10-08,2026-04-06,"Siding Inspection for Water Intrusion in Dowagiac, MI | Hoosier Cladding","Hoosier Cladding provides siding inspection in Dowagiac, MI to fix water intrusion. Free inspections, fast turnarounds, and durable materials.","Siding Inspection for Water Intrusion in Dowagiac, MI",dowagiac-mi,siding-inspection,,water-intrusion,,dowagiac-mi/siding-inspection/water-intrusion,https://www.hoosiercladding.com/matrix/dowagiac-mi/siding-inspection/water-intrusion/,How fast can you repair storm-damaged siding?,Most minor repairs are completed within 48–72 hours after inspection. Timelines depend on material availability and damage severity.,Do you work with insurance for hail or wind claims?,"Yes. We document damage, provide estimates, and coordinate directly with your insurer to streamline your claim.",Can you color-match existing vinyl or fiber cement siding?,We offer professional color-matching and can source compatible profiles to blend repairs with your current exterior.,What are signs my siding needs replacement instead of repair?,"Widespread warping, water intrusion, soft spots, and repeated repairs are indicators a full replacement may be more cost-effective.",Do you install James Hardie fiber cement siding?,Yes. We’re experienced with James Hardie installations and follow manufacturer specifications for warranty compliance.,How can siding upgrades reduce energy bills?,Properly installed siding with air and moisture barriers can reduce drafts and help maintain indoor temperatures year-round.
1277,Hoosier Cladding,https://www.hoosiercladding.com/,https://www.hoosiercladding.com/,+1 574-555-0123,info@hoosiercladding.com,,South Bend,IN,,US,service,Vinyl Siding Replacement,,"Elkhart, IN",Wind Damage,,,USD,,2025-10-08,2026-04-06,"Vinyl Siding Replacement for Wind Damage in Elkhart, IN | Hoosier Cladding","Hoosier Cladding provides vinyl siding replacement in Elkhart, IN to fix wind damage. Free inspections, fast turnarounds, and durable materials.","Vinyl Siding Replacement for Wind Damage in Elkhart, IN",elkhart-in,vinyl-siding-replacement,,wind-damage,,elkhart-in/vinyl-siding-replacement/wind-damage,https://www.hoosiercladding.com/matrix/elkhart-in/vinyl-siding-replacement/wind-damage/,How fast can you repair storm-damaged siding?,Most minor repairs are completed within 48–72 hours after inspection. Timelines depend on material availability and damage severity.,Do you work with insurance for hail or wind claims?,"Yes. We document damage, provide estimates, and coordinate directly with your insurer to streamline your claim.",Can you color-match existing vinyl or fiber cement siding?,We offer professional color-matching and can source compatible profiles to blend repairs with your current exterior.,What are signs my siding needs replacement instead of repair?,"Widespread warping, water intrusion, soft spots, and repeated repairs are indicators a full replacement may be more cost-effective.",Do you install James Hardie fiber cement siding?,Yes. We’re experienced with James Hardie installations and follow manufacturer specifications for warranty compliance.,How can siding upgrades reduce energy bills?,Properly installed siding with air and moisture barriers can reduce drafts and help maintain indoor temperatures year-round.
3529,Hoosier Cladding,https://www.hoosiercladding.com/,https://www.hoosiercladding.com/,+1 574-555-0123,info@hoosiercladding.com,,South Bend,IN,,US,service,House Wrap & Weatherproofing,,"New Carlisle, IN",Cracked Panels,,,USD,,2025-10-08,2026-04-06,"House Wrap & Weatherproofing for Cracked Panels in New Carlisle, IN | Hoosier Cladding","Hoosier Cladding provides house wrap & weatherproofing in New Carlisle, IN to fix cracked panels. Free inspections, fast turnarounds, and durable materials.","House Wrap & Weatherproofing for Cracked Panels in New Carlisle, IN",new-carlisle-in,house-wrap-weatherproofing,,cracked-panels,,new-carlisle-in/house-wrap-weatherproofing/cracked-panels,https://www.hoosiercladding.com/matrix/new-carlisle-in/house-wrap-weatherproofing/cracked-panels/,How fast can you repair storm-damaged siding?,Most minor repairs are completed within 48–72 hours after inspection. Timelines depend on material availability and damage severity.,Do you work with insurance for hail or wind claims?,"Yes. We document damage, provide estimates, and coordinate directly with your insurer to streamline your claim.",Can you color-match existing vinyl or fiber cement siding?,We offer professional color-matching and can source compatible profiles to blend repairs with your current exterior.,What are signs my siding needs replacement instead of repair?,"Widespread warping, water intrusion, soft spots, and repeated repairs are indicators a full replacement may be more cost-effective.",Do you install James Hardie fiber cement siding?,Yes. We’re experienced with James Hardie installations and follow manufacturer specifications for warranty compliance.,How can siding upgrades reduce energy bills?,Properly installed siding with air and moisture barriers can reduce drafts and help maintain indoor temperatures year-round.
1880,Hoosier Cladding,https://www.hoosiercladding.com/,https://www.hoosiercladding.com/,+1 574-555-0123,info@hoosiercladding.com,,South Bend,IN,,US,service,Vinyl Siding Replacement,,"Nappanee, IN",Warped Boards,,,USD,,2025-10-08,2026-04-06,"Vinyl Siding Replacement for Warped Boards in Nappanee, IN | Hoosier Cladding","Hoosier Cladding provides vinyl siding replacement in Nappanee, IN to fix warped boards. Free inspections, fast turnarounds, and durable materials.","Vinyl Siding Replacement for Warped Boards in Nappanee, IN",nappanee-in,vinyl-siding-replacement,,warped-boards,,nappanee-in/vinyl-siding-replacement/warped-boards,https://www.hoosiercladding.com/matrix/nappanee-in/vinyl-siding-replacement/warped-boards/,How fast can you repair storm-damaged siding?,Most minor repairs are completed within 48–72 hours after inspection. Timelines depend on material availability and damage severity.,Do you work with insurance for hail or wind claims?,"Yes. We document damage, provide estimates, and coordinate directly with your insurer to streamline your claim.",Can you color-match existing vinyl or fiber cement siding?,We offer professional color-matching and can source compatible profiles to blend repairs with your current exterior.,What are signs my siding needs replacement instead of repair?,"Widespread warping, water intrusion, soft spots, and repeated repairs are indicators a full replacement may be more cost-effective.",Do you install James Hardie fiber cement siding?,Yes. We’re experienced with James Hardie installations and follow manufacturer specifications for warranty compliance.,How can siding upgrades reduce energy bills?,Properly installed siding with air and moisture barriers can reduce drafts and help maintain indoor temperatures year-round.
9569,Hoosier Cladding,https://www.hoosiercladding.com/,https://www.hoosiercladding.com/,+1 574-555-0123,info@hoosiercladding.com,,South Bend,IN,,US,service,Insurance Claim Assistance,,"Three Rivers, MI",Peeling Paint,,,USD,,2025-10-08,2026-04-06,"Insurance Claim Assistance for Peeling Paint in Three Rivers, MI | Hoosier Cladding","Hoosier Cladding provides insurance claim assistance in Three Rivers, MI to fix peeling paint. Free inspections, fast turnarounds, and durable materials.","Insurance Claim Assistance for Peeling Paint in Three Rivers, MI",three-rivers-mi,insurance-claim-assistance,,peeling-paint,,three-rivers-mi/insurance-claim-assistance/peeling-paint,https://www.hoosiercladding.com/matrix/three-rivers-mi/insurance-claim-assistance/peeling-paint/,How fast can you repair storm-damaged siding?,Most minor repairs are completed within 48–72 hours after inspection. Timelines depend on material availability and damage severity.,Do you work with insurance for hail or wind claims?,"Yes. We document damage, provide estimates, and coordinate directly with your insurer to streamline your claim.",Can you color-match existing vinyl or fiber cement siding?,We offer professional color-matching and can source compatible profiles to blend repairs with your current exterior.,What are signs my siding needs replacement instead of repair?,"Widespread warping, water intrusion, soft spots, and repeated repairs are indicators a full replacement may be more cost-effective.",Do you install James Hardie fiber cement siding?,Yes. We’re experienced with James Hardie installations and follow manufacturer specifications for warranty compliance.,How can siding upgrades reduce energy bills?,Properly installed siding with air and moisture barriers can reduce drafts and help maintain indoor temperatures year-round.
3059,Hoosier Cladding,https://www.hoosiercladding.com/,https://www.hoosiercladding.com/,+1 574-555-0123,info@hoosiercladding.com,,South Bend,IN,,US,service,Storm Damage Siding Repair,,"Michigan City, IN",Peeling Paint,,,USD,,2025-10-08,2026-04-06,"Storm Damage Siding Repair for Peeling Paint in Michigan City, IN | Hoosier Cladding","Hoosier Cladding provides storm damage siding repair in Michigan City, IN to fix peeling paint. Free inspections, fast turnarounds, and durable materials.","Storm Damage Siding Repair for Peeling Paint in Michigan City, IN",michigan-city-in,storm-damage-siding-repair,,peeling-paint,,michigan-city-in/storm-damage-siding-repair/peeling-paint,https://www.hoosiercladding.com/matrix/michigan-city-in/storm-damage-siding-repair/peeling-paint/,How fast can you repair storm-damaged siding?,Most minor repairs are completed within 48–72 hours after inspection. Timelines depend on material availability and damage severity.,Do you work with insurance for hail or wind claims?,"Yes. We document damage, provide estimates, and coordinate directly with your insurer to streamline your claim.",Can you color-match existing vinyl or fiber cement siding?,We offer professional color-matching and can source compatible profiles to blend repairs with your current exterior.,What are signs my siding needs replacement instead of repair?,"Widespread warping, water intrusion, soft spots, and repeated repairs are indicators a full replacement may be more cost-effective.",Do you install James Hardie fiber cement siding?,Yes. We’re experienced with James Hardie installations and follow manufacturer specifications for warranty compliance.,How can siding upgrades reduce energy bills?,Properly installed siding with air and moisture barriers can reduce drafts and help maintain indoor temperatures year-round.
1957,Hoosier Cladding,https://www.hoosiercladding.com/,https://www.hoosiercladding.com/,+1 574-555-0123,info@hoosiercladding.com,,South Bend,IN,,US,service,Soffit & Fascia Repair,,"Nappanee, IN",Moisture Damage,,,USD,,2025-10-08,2026-04-06,"Soffit & Fascia Repair for Moisture Damage in Nappanee, IN | Hoosier Cladding","Hoosier Cladding provides soffit & fascia repair in Nappanee, IN to fix moisture damage. Free inspections, fast turnarounds, and durable materials.","Soffit & Fascia Repair for Moisture Damage in Nappanee, IN",nappanee-in,soffit-fascia-repair,,moisture-damage,,nappanee-in/soffit-fascia-repair/moisture-damage,https://www.hoosiercladding.com/matrix/nappanee-in/soffit-fascia-repair/moisture-damage/,How fast can you repair storm-damaged siding?,Most minor repairs are completed within 48–72 hours after inspection. Timelines depend on material availability and damage severity.,Do you work with insurance for hail or wind claims?,"Yes. We document damage, provide estimates, and coordinate directly with your insurer to streamline your claim.",Can you color-match existing vinyl or fiber cement siding?,We offer professional color-matching and can source compatible profiles to blend repairs with your current exterior.,What are signs my siding needs replacement instead of repair?,"Widespread warping, water intrusion, soft spots, and repeated repairs are indicators a full replacement may be more cost-effective.",Do you install James Hardie fiber cement siding?,Yes. We’re experienced with James Hardie installations and follow manufacturer specifications for warranty compliance.,How can siding upgrades reduce energy bills?,Properly installed siding with air and moisture barriers can reduce drafts and help maintain indoor temperatures year-round.
1194,Hoosier Cladding,https://www.hoosiercladding.com/,https://www.hoosiercladding.com/,+1 574-555-0123,info@hoosiercladding.com,,South Bend,IN,,US,service,Siding Inspection,,"Osceola, IN",High Energy Bills,,,USD,,2025-10-08,2026-04-06,"Siding Inspection for High Energy Bills in Osceola, IN | Hoosier Cladding","Hoosier Cladding provides siding inspection in Osceola, IN to fix high energy bills. Free inspections, fast turnarounds, and durable materials.","Siding Inspection for High Energy Bills in Osceola, IN",osceola-in,siding-inspection,,high-energy-bills,,osceola-in/siding-inspection/high-energy-bills,https://www.hoosiercladding.com/matrix/osceola-in/siding-inspection/high-energy-bills/,How fast can you repair storm-damaged siding?,Most minor repairs are completed within 48–72 hours after inspection. Timelines depend on material availability and damage severity.,Do you work with insurance for hail or wind claims?,"Yes. We document damage, provide estimates, and coordinate directly with your insurer to streamline your claim.",Can you color-match existing vinyl or fiber cement siding?,We offer professional color-matching and can source compatible profiles to blend repairs with your current exterior.,What are signs my siding needs replacement instead of repair?,"Widespread warping, water intrusion, soft spots, and repeated repairs are indicators a full replacement may be more cost-effective.",Do you install James Hardie fiber cement siding?,Yes. We’re experienced with James Hardie installations and follow manufacturer specifications for warranty compliance.,How can siding upgrades reduce energy bills?,Properly installed siding with air and moisture barriers can reduce drafts and help maintain indoor temperatures year-round.
