group_key,url,canonical_url
/,https://www.hoosiercladding.com/,https://www.hoosiercladding.com/
/about-us,https://www.hoosiercladding.com/about-us,https://www.hoosiercladding.com/about-us
/cabinet-installation-south-bend,https://www.hoosiercladding.com/cabinet-installation-south-bend,https://www.hoosiercladding.com/cabinet-installation-south-bend
/contact-us,https://www.hoosiercladding.com/contact-us,https://www.hoosiercladding.com/contact-us
/door-replacement-south-bend,https://www.hoosiercladding.com/door-replacement-south-bend,https://www.hoosiercladding.com/door-replacement-south-bend
/drywall-services-south-bend,https://www.hoosiercladding.com/drywall-services-south-bend,https://www.hoosiercladding.com/drywall-services-south-bend
/expert-siding-contractors-indiana,https://www.hoosiercladding.com/expert-siding-contractors-indiana,https://www.hoosiercladding.com/expert-siding-contractors-indiana
/exterior-painting-south-bend,https://www.hoosiercladding.com/exterior-painting-south-bend,https://www.hoosiercladding.com/exterior-painting-south-bend
/home-siding-blog,https://www.hoosiercladding.com/home-siding-blog,https://www.hoosiercladding.com/home-siding-blog
/home-siding-blog/does-home-insurance-cover-broken-windows-what-indiana-homeowners-need-to-know,https://www.hoosiercladding.com/home-siding-blog/does-home-insurance-cover-broken-windows-what-indiana-homeowners-need-to-know,https://www.hoosiercladding.com/home-siding-blog/does-home-insurance-cover-broken-windows-what-indiana-homeowners-need-to-know
/home-siding-blog/install-a-metal-roof-ridge-cap,https://www.hoosiercladding.com/home-siding-blog/install-a-metal-roof-ridge-cap,https://www.hoosiercladding.com/home-siding-blog/install-a-metal-roof-ridge-cap
/home-siding-blog/repair-house-siding,https://www.hoosiercladding.com/home-siding-blog/repair-house-siding,https://www.hoosiercladding.com/home-siding-blog/repair-house-siding
/home-siding-blog/siding-replacement-costs-indiana-2025,https://www.hoosiercladding.com/home-siding-blog/siding-replacement-costs-indiana-2025,https://www.hoosiercladding.com/home-siding-blog/siding-replacement-costs-indiana-2025
/interior-painting-south-bend,https://www.hoosiercladding.com/interior-painting-south-bend,https://www.hoosiercladding.com/interior-painting-south-bend
/kitchen-renovation-south-bend,https://www.hoosiercladding.com/kitchen-renovation-south-bend,https://www.hoosiercladding.com/kitchen-renovation-south-bend
/matrix/edwardsburg-mi/storm-damage-siding-repair/pest-infestation,https://www.hoosiercladding.com/matrix/edwardsburg-mi/storm-damage-siding-repair/pest-infestation,https://www.hoosiercladding.com/matrix/edwardsburg-mi/storm-damage-siding-repair/pest-infestation
/matrix/elkhart-in/shake-siding-installation/rotten-siding,https://www.hoosiercladding.com/matrix/elkhart-in/shake-siding-installation/rotten-siding,https://www.hoosiercladding.com/matrix/elkhart-in/shake-siding-installation/rotten-siding
/matrix/granger-in/house-wrap-weatherproofing/rotten-siding,https://www.hoosiercladding.com/matrix/granger-in/house-wrap-weatherproofing/rotten-siding,https://www.hoosiercladding.com/matrix/granger-in/house-wrap-weatherproofing/rotten-siding
/matrix/michigan-city-in/hail-wind-damage-claims/high-energy-bills,https://www.hoosiercladding.com/matrix/michigan-city-in/hail-wind-damage-claims/high-energy-bills,https://www.hoosiercladding.com/matrix/michigan-city-in/hail-wind-damage-claims/high-energy-bills
/matrix/middlebury-in/storm-damage-siding-repair/wind-damage,https://www.hoosiercladding.com/matrix/middlebury-in/storm-damage-siding-repair/wind-damage,https://www.hoosiercladding.com/matrix/middlebury-in/storm-damage-siding-repair/wind-damage
/matrix/north-liberty-in/storm-damage-siding-repair/peeling-paint,https://www.hoosiercladding.com/matrix/north-liberty-in/storm-damage-siding-repair/peeling-paint,https://www.hoosiercladding.com/matrix/north-liberty-in/storm-damage-siding-repair/peeling-paint
/matrix/south-bend-in/siding-replacement/storm-damage,https://www.hoosiercladding.com/matrix/south-bend-in/siding-replacement/storm-damage,https://www.hoosiercladding.com/matrix/south-bend-in/siding-replacement/storm-damage
/matrix/sturgis-mi/siding-renovation/wind-damage,https://www.hoosiercladding.com/matrix/sturgis-mi/siding-renovation/wind-damage,https://www.hoosiercladding.com/matrix/sturgis-mi/siding-renovation/wind-damage
/matrix/sturgis-mi/storm-damage-siding-repair/hail-damage,https://www.hoosiercladding.com/matrix/sturgis-mi/storm-damage-siding-repair/hail-damage,https://www.hoosiercladding.com/matrix/sturgis-mi/storm-damage-siding-repair/hail-damage
/matrix/syracuse-in/fiber-cement-siding-repair/hail-damage,https://www.hoosiercladding.com/matrix/syracuse-in/fiber-cement-siding-repair/hail-damage,https://www.hoosiercladding.com/matrix/syracuse-in/fiber-cement-siding-repair/hail-damage
/matrix/three-rivers-mi/hail-wind-damage-claims/storm-damage,https://www.hoosiercladding.com/matrix/three-rivers-mi/hail-wind-damage-claims/storm-damage,https://www.hoosiercladding.com/matrix/three-rivers-mi/hail-wind-damage-claims/storm-damage
/matrix/union-mi/siding-painting-refinish/storm-damage,https://www.hoosiercladding.com/matrix/union-mi/siding-painting-refinish/storm-damage,https://www.hoosiercladding.com/matrix/union-mi/siding-painting-refinish/storm-damage
/matrix/wakarusa-in/siding-painting-refinish/storm-damage,https://www.hoosiercladding.com/matrix/wakarusa-in/siding-painting-refinish/storm-damage,https://www.hoosiercladding.com/matrix/wakarusa-in/siding-painting-refinish/storm-damage
/our-results,https://www.hoosiercladding.com/our-results,https://www.hoosiercladding.com/our-results
/our-services,https://www.hoosiercladding.com/our-services,https://www.hoosiercladding.com/our-services
/painting-services-south-bend,https://www.hoosiercladding.com/painting-services-south-bend,https://www.hoosiercladding.com/painting-services-south-bend
/siding-contractor-faq-installation-maintenance-cost,https://www.hoosiercladding.com/siding-contractor-faq-installation-maintenance-cost,https://www.hoosiercladding.com/siding-contractor-faq-installation-maintenance-cost
/trimwork-south-bend,https://www.hoosiercladding.com/trimwork-south-bend,https://www.hoosiercladding.com/trimwork-south-bend
/vinyl-siding-certifications,https://www.hoosiercladding.com/vinyl-siding-certifications,https://www.hoosiercladding.com/vinyl-siding-certifications
/vinyl-siding-michiana-south-bend,https://www.hoosiercladding.com/vinyl-siding-michiana-south-bend,https://www.hoosiercladding.com/vinyl-siding-michiana-south-bend
/window-replacement-south-bend,https://www.hoosiercladding.com/window-replacement-south-bend,https://www.hoosiercladding.com/window-replacement-south-bend
